1,JAMES,SMITH,JAMES.SMITH@oit.edu,PassWord1,Admin
2,JOHN,JOHNSON,JOHN.JOHNSON@oit.edu,PassWord2,Moderater
3,ROBERT,WILLIAMS,ROBERT.WILLIAMS@oit.edu,PassWord3,User
4,MICHAEL,BROWN,MICHAEL.BROWN@oit.edu,PassWord4,User
5,WILLIAM,JONES,WILLIAM.JONES@oit.edu,PassWord5,User
6,DAVID,MILLER,DAVID.MILLER@oit.edu,PassWord6,User
7,RICHARD,DAVIS,RICHARD.DAVIS@oit.edu,PassWord7,User
8,CHARLES,GARCIA,CHARLES.GARCIA@oit.edu,PassWord8,User
9,JOSEPH,RODRIGUEZ,JOSEPH.RODRIGUEZ@oit.edu,PassWord9,User
10,THOMAS,WILSON,THOMAS.WILSON@oit.edu,PassWord10,User
11,CHRISTOPHER,MARTINEZ,CHRISTOPHER.MARTINEZ@oit.edu,PassWord11,User
12,DANIEL,ANDERSON,DANIEL.ANDERSON@oit.edu,PassWord12,User
13,PAUL,TAYLOR,PAUL.TAYLOR@oit.edu,PassWord13,User
14,MARK,THOMAS,MARK.THOMAS@oit.edu,PassWord14,User
15,DONALD,HERNANDEZ,DONALD.HERNANDEZ@oit.edu,PassWord15,User
16,GEORGE,MOORE,GEORGE.MOORE@oit.edu,PassWord16,Moderater
17,KENNETH,MARTIN,KENNETH.MARTIN@oit.edu,PassWord17,User
18,STEVEN,JACKSON,STEVEN.JACKSON@oit.edu,PassWord18,User
19,EDWARD,THOMPSON,EDWARD.THOMPSON@oit.edu,PassWord19,User
20,BRIAN,WHITE,BRIAN.WHITE@oit.edu,PassWord20,User
21,RONALD,LOPEZ,RONALD.LOPEZ@oit.edu,PassWord21,User
22,ANTHONY,LEE,ANTHONY.LEE@oit.edu,PassWord22,User
23,KEVIN,GONZALEZ,KEVIN.GONZALEZ@oit.edu,PassWord23,Moderater
24,JASON,HARRIS,JASON.HARRIS@oit.edu,PassWord24,User
25,MATTHEW,CLARK,MATTHEW.CLARK@oit.edu,PassWord25,User
26,GARY,LEWIS,GARY.LEWIS@oit.edu,PassWord26,User
27,TIMOTHY,ROBINSON,TIMOTHY.ROBINSON@oit.edu,PassWord27,User
28,JOSE,WALKER,JOSE.WALKER@oit.edu,PassWord28,User
29,LARRY,PEREZ,LARRY.PEREZ@oit.edu,PassWord29,Moderater
30,JEFFREY,HALL,JEFFREY.HALL@oit.edu,PassWord30,Moderater
31,FRANK,YOUNG,FRANK.YOUNG@oit.edu,PassWord31,User
32,SCOTT,ALLEN,SCOTT.ALLEN@oit.edu,PassWord32,User
33,ERIC,SANCHEZ,ERIC.SANCHEZ@oit.edu,PassWord33,User
34,STEPHEN,WRIGHT,STEPHEN.WRIGHT@oit.edu,PassWord34,User
35,ANDREW,KING,ANDREW.KING@oit.edu,PassWord35,User
36,RAYMOND,SCOTT,RAYMOND.SCOTT@oit.edu,PassWord36,User
37,GREGORY,GREEN,GREGORY.GREEN@oit.edu,PassWord37,User
38,JOSHUA,BAKER,JOSHUA.BAKER@oit.edu,PassWord38,User
39,JERRY,ADAMS,JERRY.ADAMS@oit.edu,PassWord39,User
40,DENNIS,NELSON,DENNIS.NELSON@oit.edu,PassWord40,User
41,WALTER,HILL,WALTER.HILL@oit.edu,PassWord41,User
42,PATRICK,RAMIREZ,PATRICK.RAMIREZ@oit.edu,PassWord42,User
43,PETER,CAMPBELL,PETER.CAMPBELL@oit.edu,PassWord43,User
44,HAROLD,MITCHELL,HAROLD.MITCHELL@oit.edu,PassWord44,User
45,DOUGLAS,ROBERTS,DOUGLAS.ROBERTS@oit.edu,PassWord45,User
46,HENRY,CARTER,HENRY.CARTER@oit.edu,PassWord46,User
47,CARL,PHILLIPS,CARL.PHILLIPS@oit.edu,PassWord47,User
48,ARTHUR,EVANS,ARTHUR.EVANS@oit.edu,PassWord48,User
49,RYAN,TURNER,RYAN.TURNER@oit.edu,PassWord49,User
50,ROGER,TORRES,ROGER.TORRES@oit.edu,PassWord50,User
51,JOE,PARKER,JOE.PARKER@oit.edu,PassWord51,User
52,JUAN,COLLINS,JUAN.COLLINS@oit.edu,PassWord52,User
53,JACK,EDWARDS,JACK.EDWARDS@oit.edu,PassWord53,User
54,ALBERT,STEWART,ALBERT.STEWART@oit.edu,PassWord54,User
55,JONATHAN,FLORES,JONATHAN.FLORES@oit.edu,PassWord55,User
56,JUSTIN,MORRIS,JUSTIN.MORRIS@oit.edu,PassWord56,User
57,TERRY,NGUYEN,TERRY.NGUYEN@oit.edu,PassWord57,User
58,GERALD,MURPHY,GERALD.MURPHY@oit.edu,PassWord58,User
59,KEITH,RIVERA,KEITH.RIVERA@oit.edu,PassWord59,User
60,SAMUEL,COOK,SAMUEL.COOK@oit.edu,PassWord60,User
61,WILLIE,ROGERS,WILLIE.ROGERS@oit.edu,PassWord61,User
62,RALPH,MORGAN,RALPH.MORGAN@oit.edu,PassWord62,User
63,LAWRENCE,PETERSON,LAWRENCE.PETERSON@oit.edu,PassWord63,User
64,NICHOLAS,COOPER,NICHOLAS.COOPER@oit.edu,PassWord64,User
65,ROY,REED,ROY.REED@oit.edu,PassWord65,Moderater
66,BENJAMIN,BAILEY,BENJAMIN.BAILEY@oit.edu,PassWord66,User
67,BRUCE,BELL,BRUCE.BELL@oit.edu,PassWord67,User
68,BRANDON,GOMEZ,BRANDON.GOMEZ@oit.edu,PassWord68,User
69,ADAM,KELLY,ADAM.KELLY@oit.edu,PassWord69,User
70,HARRY,HOWARD,HARRY.HOWARD@oit.edu,PassWord70,User
71,FRED,WARD,FRED.WARD@oit.edu,PassWord71,User
72,WAYNE,COX,WAYNE.COX@oit.edu,PassWord72,User
73,BILLY,DIAZ,BILLY.DIAZ@oit.edu,PassWord73,User
74,STEVE,RICHARDSON,STEVE.RICHARDSON@oit.edu,PassWord74,User
75,LOUIS,WOOD,LOUIS.WOOD@oit.edu,PassWord75,User
76,MARY,WATSON,MARY.WATSON@oit.edu,PassWord76,User
77,PATRICIA,BROOKS,PATRICIA.BROOKS@oit.edu,PassWord77,User
78,LINDA,BENNETT,LINDA.BENNETT@oit.edu,PassWord78,User
79,BARBARA,GRAY,BARBARA.GRAY@oit.edu,PassWord79,Moderater
80,ELIZABETH,JAMES,ELIZABETH.JAMES@oit.edu,PassWord80,User
81,JENNIFER,REYES,JENNIFER.REYES@oit.edu,PassWord81,User
82,MARIA,CRUZ,MARIA.CRUZ@oit.edu,PassWord82,User
83,SUSAN,HUGHES,SUSAN.HUGHES@oit.edu,PassWord83,User
84,MARGARET,PRICE,MARGARET.PRICE@oit.edu,PassWord84,User
85,DOROTHY,MYERS,DOROTHY.MYERS@oit.edu,PassWord85,Moderater
86,LISA,LONG,LISA.LONG@oit.edu,PassWord86,Moderater
87,NANCY,FOSTER,NANCY.FOSTER@oit.edu,PassWord87,User
88,KAREN,SANDERS,KAREN.SANDERS@oit.edu,PassWord88,User
89,BETTY,ROSS,BETTY.ROSS@oit.edu,PassWord89,User
90,HELEN,MORALES,HELEN.MORALES@oit.edu,PassWord90,User
91,SANDRA,POWELL,SANDRA.POWELL@oit.edu,PassWord91,User
92,DONNA,SULLIVAN,DONNA.SULLIVAN@oit.edu,PassWord92,User
93,CAROL,RUSSELL,CAROL.RUSSELL@oit.edu,PassWord93,User
94,RUTH,ORTIZ,RUTH.ORTIZ@oit.edu,PassWord94,User
95,SHARON,JENKINS,SHARON.JENKINS@oit.edu,PassWord95,User
96,MICHELLE,GUTIERREZ,MICHELLE.GUTIERREZ@oit.edu,PassWord96,User
97,LAURA,PERRY,LAURA.PERRY@oit.edu,PassWord97,User
98,SARAH,BUTLER,SARAH.BUTLER@oit.edu,PassWord98,User
99,KIMBERLY,BARNES,KIMBERLY.BARNES@oit.edu,PassWord99,User
100,DEBORAH,FISHER,DEBORAH.FISHER@oit.edu,PassWord100,User
101,JESSICA,HENDERSON,JESSICA.HENDERSON@oit.edu,PassWord101,User
102,SHIRLEY,COLEMAN,SHIRLEY.COLEMAN@oit.edu,PassWord102,User
103,CYNTHIA,SIMMONS,CYNTHIA.SIMMONS@oit.edu,PassWord103,User
104,ANGELA,PATTERSON,ANGELA.PATTERSON@oit.edu,PassWord104,User
105,MELISSA,JORDAN,MELISSA.JORDAN@oit.edu,PassWord105,User
106,BRENDA,REYNOLDS,BRENDA.REYNOLDS@oit.edu,PassWord106,User
107,AMY,HAMILTON,AMY.HAMILTON@oit.edu,PassWord107,User
108,ANNA,GRAHAM,ANNA.GRAHAM@oit.edu,PassWord108,User
109,REBECCA,KIM,REBECCA.KIM@oit.edu,PassWord109,User
110,VIRGINIA,GONZALES,VIRGINIA.GONZALES@oit.edu,PassWord110,User
111,KATHLEEN,ALEXANDER,KATHLEEN.ALEXANDER@oit.edu,PassWord111,User
112,PAMELA,RAMOS,PAMELA.RAMOS@oit.edu,PassWord112,User
113,MARTHA,WALLACE,MARTHA.WALLACE@oit.edu,PassWord113,Moderater
114,DEBRA,GRIFFIN,DEBRA.GRIFFIN@oit.edu,PassWord114,Moderater
115,AMANDA,WEST,AMANDA.WEST@oit.edu,PassWord115,User
116,STEPHANIE,COLE,STEPHANIE.COLE@oit.edu,PassWord116,User
117,CAROLYN,HAYES,CAROLYN.HAYES@oit.edu,PassWord117,User
118,CHRISTINE,CHAVEZ,CHRISTINE.CHAVEZ@oit.edu,PassWord118,User
119,MARIE,GIBSON,MARIE.GIBSON@oit.edu,PassWord119,User
120,JANET,BRYANT,JANET.BRYANT@oit.edu,PassWord120,User
121,CATHERINE,ELLIS,CATHERINE.ELLIS@oit.edu,PassWord121,User
122,FRANCES,STEVENS,FRANCES.STEVENS@oit.edu,PassWord122,User
123,ANN,MURRAY,ANN.MURRAY@oit.edu,PassWord123,User
124,JOYCE,FORD,JOYCE.FORD@oit.edu,PassWord124,User
125,DIANE,MARSHALL,DIANE.MARSHALL@oit.edu,PassWord125,User
126,ALICE,OWENS,ALICE.OWENS@oit.edu,PassWord126,User
127,JULIE,MCDONALD,JULIE.MCDONALD@oit.edu,PassWord127,Admin
128,HEATHER,HARRISON,HEATHER.HARRISON@oit.edu,PassWord128,Moderater
129,TERESA,RUIZ,TERESA.RUIZ@oit.edu,PassWord129,User
130,DORIS,KENNEDY,DORIS.KENNEDY@oit.edu,PassWord130,User
131,GLORIA,WELLS,GLORIA.WELLS@oit.edu,PassWord131,User
132,EVELYN,ALVAREZ,EVELYN.ALVAREZ@oit.edu,PassWord132,User
133,JEAN,WOODS,JEAN.WOODS@oit.edu,PassWord133,User
134,CHERYL,MENDOZA,CHERYL.MENDOZA@oit.edu,PassWord134,Admin
135,MILDRED,CASTILLO,MILDRED.CASTILLO@oit.edu,PassWord135,Moderater
136,KATHERINE,OLSON,KATHERINE.OLSON@oit.edu,PassWord136,User
137,JOAN,WEBB,JOAN.WEBB@oit.edu,PassWord137,User
138,ASHLEY,WASHINGTON,ASHLEY.WASHINGTON@oit.edu,PassWord138,User
139,JUDITH,TUCKER,JUDITH.TUCKER@oit.edu,PassWord139,User
140,ROSE,FREEMAN,ROSE.FREEMAN@oit.edu,PassWord140,User
141,JANICE,BURNS,JANICE.BURNS@oit.edu,PassWord141,Admin
142,KELLY,HENRY,KELLY.HENRY@oit.edu,PassWord142,Moderater
143,NICOLE,VASQUEZ,NICOLE.VASQUEZ@oit.edu,PassWord143,User
144,JUDY,SNYDER,JUDY.SNYDER@oit.edu,PassWord144,User
145,CHRISTINA,SIMPSON,CHRISTINA.SIMPSON@oit.edu,PassWord145,User
146,KATHY,CRAWFORD,KATHY.CRAWFORD@oit.edu,PassWord146,User
147,THERESA,JIMENEZ,THERESA.JIMENEZ@oit.edu,PassWord147,User
148,BEVERLY,PORTER,BEVERLY.PORTER@oit.edu,PassWord148,Admin
149,DENISE,MASON,DENISE.MASON@oit.edu,PassWord149,Moderater
150,TAMMY,SHAW,TAMMY.SHAW@oit.edu,PassWord150,User
